Timestamp,Event Type,Name/Object,Confidence
Added face: Harshal Borkar (Cloudinary URL: https://res.cloudinary.com/dcvsavnx3/image/upload/v1733971940/faces_folder/x7thrtfcueyqkwxqylla.jpg),2024-12-12 08:22:21
Added face: Alhan (Cloudinary URL: https://res.cloudinary.com/dcvsavnx3/image/upload/v1733972028/faces_folder/mt2dvktyuruce3w8kspm.jpg),2024-12-12 08:23:49
Added face: HArshal1 (Cloudinary URL: https://res.cloudinary.com/dcvsavnx3/image/upload/v1733972529/faces_folder/kpxabwmx68kaazrzcyig.jpg),2024-12-12 08:32:10
Added face: Harshal,2024-12-12 09:28:58
Added face: harshal (Cloudinary URL: https://res.cloudinary.com/dcvsavnx3/image/upload/v1733981794/faces_folder/bpsyonee7brhxipm1mfq.png),2024-12-12 11:06:35
