cell phone,2025-01-07 11:54:10
cell phone,2025-01-07 11:54:20
cell phone,2025-01-07 11:54:22
cell phone,2025-01-07 11:54:28
cell phone,2025-01-07 11:54:30
cell phone,2025-01-07 11:54:31
cell phone,2025-01-07 12:37:58
cell phone,2025-01-07 12:38:00
cell phone,2025-01-07 12:49:00
cell phone,2025-01-07 12:49:02
cell phone,2025-01-07 12:49:03
cell phone,2025-01-07 12:58:16
cell phone,2025-01-07 12:58:18
cell phone,2025-01-07 13:03:23
cell phone,2025-01-07 13:03:25
cell phone,2025-01-07 13:03:26
cell phone,2025-01-07 13:03:29
cell phone,2025-01-07 13:03:31
cell phone,2025-01-07 13:05:48
cell phone,2025-01-07 13:05:50
knife,2025-01-10 11:40:45
cell phone,2025-03-01 05:17:05
cell phone,2025-03-01 11:10:06
cell phone,2025-03-01 11:34:05
cell phone,2025-03-01 11:37:12
cell phone,2025-03-01 11:37:18
cell phone,2025-03-01 11:37:24
cell phone,2025-03-01 11:37:40
cell phone,2025-03-01 11:37:50
cell phone,2025-03-01 11:37:57
cell phone,2025-03-01 11:38:10
cell phone,2025-03-01 11:38:16
